{"cameraMode":{"drawMode":0,"name":"Shaded","section":"Shading Mode"},"sceneLighting":true,"audioPlay":false,"sceneViewState":{"showFog":false,"showMaterialUpdate":false,"showSkybox":false,"showFlares":false,"showImageEffects":false,"showParticleSystems":false},"in2DMode":false,"pivot":{"x":34.391075134277347,"y":1.85272216796875,"z":-406.0},"rotation":{"x":-0.004839066881686449,"y":-0.9859412312507629,"z":0.16448761522769929,"w":-0.0289902426302433},"size":1267.5504150390625,"orthographic":false}