{"cameraMode":{"drawMode":0,"name":"Shaded","section":"Shading Mode"},"sceneLighting":false,"audioPlay":false,"sceneViewState":{"showFog":true,"showMaterialUpdate":true,"showSkybox":true,"showFlares":true,"showImageEffects":true,"showParticleSystems":true},"in2DMode":false,"pivot":{"x":0.3291688561439514,"y":-0.02950340509414673,"z":0.4078950881958008},"rotation":{"x":0.11254923790693283,"y":0.7199198007583618,"z":-0.12004905939102173,"w":0.6742672920227051},"size":1.342116117477417,"orthographic":false}