{"cameraMode":{"drawMode":0,"name":"Shaded","section":"Shading Mode"},"sceneLighting":false,"audioPlay":false,"sceneViewState":{"showFog":true,"showMaterialUpdate":true,"showSkybox":true,"showFlares":true,"showImageEffects":true,"showParticleSystems":true},"in2DMode":false,"pivot":{"x":0.0,"y":-4.656612873077393e-10,"z":0.004506251774728298},"rotation":{"x":0.0392104871571064,"y":-0.8813356161117554,"z":0.07452620565891266,"w":0.46492573618888857},"size":0.11562656611204148,"orthographic":false}