{"cameraMode":{"drawMode":0,"name":"Shaded","section":"Shading Mode"},"sceneLighting":true,"audioPlay":false,"sceneViewState":{"showFog":true,"showMaterialUpdate":true,"showSkybox":true,"showFlares":true,"showImageEffects":true,"showParticleSystems":true},"in2DMode":false,"pivot":{"x":151.8509521484375,"y":51.25726318359375,"z":-191.3390350341797},"rotation":{"x":-0.09591195732355118,"y":-0.07281680405139923,"z":0.006956223864108324,"w":-0.9926984310150147},"size":667.8023071289063,"orthographic":false}