{"cameraMode":{"drawMode":0,"name":"Shaded","section":"Shading Mode"},"sceneLighting":false,"audioPlay":false,"sceneViewState":{"showFog":true,"showMaterialUpdate":true,"showSkybox":true,"showFlares":true,"showImageEffects":true,"showParticleSystems":true},"in2DMode":false,"pivot":{"x":8.962580680847168,"y":101.93603515625,"z":531.6926879882813},"rotation":{"x":-0.0572795607149601,"y":0.0017810503486543894,"z":-0.00018528674263507128,"w":-0.9983565807342529},"size":407.6723937988281,"orthographic":false}