{"cameraMode":{"drawMode":0,"name":"Shaded","section":"Shading Mode"},"sceneLighting":false,"audioPlay":false,"sceneViewState":{"showFog":true,"showMaterialUpdate":true,"showSkybox":true,"showFlares":true,"showImageEffects":true,"showParticleSystems":true},"in2DMode":false,"pivot":{"x":81.30000305175781,"y":220.89999389648438,"z":468.5},"rotation":{"x":0.0392104871571064,"y":-0.8813356161117554,"z":0.07452620565891266,"w":0.46492573618888857},"size":27.057931900024415,"orthographic":false}